INSERT INTO ADMIN_DEPT values(00001,'Anirudh Karanam','PRINCIPAL','PhD Chem','anirudh@gmail.com',8688456460,20000);
INSERT INTO ADMIN_DEPT VALUES(00002,'Yeswin','HEADMASTER','PhD Hist','yeswin@gmail.com',9912342395,15000);
INSERT INTO ADMIN_DEPT VALUES(00003,'Jaswanth','COORDINATOR A','BSc Mat','jaswanrh@gmail.com',8179880955,10000);
INSERT INTO ADMIN_DEPT VALUES(00004,'Manish','COORDINATOR B','BTech CS','manish@gmail.com',9491090388,10000);
INSERT INTO ADMIN_DEPT VALUES(00005,'Karthik','COORDINATOR C','MSc Mat','karthik@gmail.com',9885928322,10000);
commit;


INSERT INTO STUDENT VALUES(26,'Sree',12,'A','PAID');
INSERT INTO STUDENT VALUES(12,'Uday',12,'A','PAID');
INSERT INTO STUDENT VALUES(14,'Sahasra',12,'A','PAID');
INSERT INTO STUDENT VALUES(25,'Kedar',12,'F','NOTPAID');
INSERT INTO STUDENT VALUES(21,'Akhil',12,'C','LOAN');
INSERT INTO STUDENT VALUES(36,'Jaswanth',11,'B',null);
INSERT INTO STUDENT VALUES(54,'Anirudh',11,'F',null);
INSERT INTO STUDENT VALUES(48,'Yeswin',11,'A',null);
commit;

INSERT INTO PARENT VALUES(14,'BadriNath',9866006460); 
INSERT INTO PARENT VALUES(12,'Lakshmi',9898090990); 
INSERT INTO PARENT VALUES(21,'Raghuram',8989898989); 
INSERT INTO PARENT VALUES(25,'Narayana rao',9700970070); 
INSERT INTO PARENT VALUES(05,'Koteswar Rao',9080908090); 
INSERT INTO PARENT VALUES(26,'Kusuma',9080990099); 
commit;

INSERT INTO TEACHER VALUES('PMT001','Roy Santiago','BSc',4000,'CL001',6767676767,3);
INSERT INTO TEACHER VALUES('TMP002','Dinesh Kumar','BA',3500,'CL018',8989898989,4);
INSERT INTO TEACHER VALUES('PMT003','Bimal Kumar','BSc',4000,'CL120',7878787878,5);
INSERT INTO TEACHER VALUES('TMP004','Vijayan','BA',3500,'CL121',8686868686,5);
INSERT INTO TEACHER VALUES('PMT005','Reshma Thomas','BSc',2500,'CL102',9769769769,4);
commit;

INSERT INTO HOMEWORK VALUES('HW1001','PHY','PMT003',DATE'2020-06-08',33);
INSERT INTO HOMEWORK VALUES('HW1002','CHEM','PMT005',DATE'2020-06-06',29);
INSERT INTO HOMEWORK VALUES('HW1003','BENG','TMP004',DATE'2020-06-09',25);
INSERT INTO HOMEWORK VALUES('HW1004','PHY','PMT003',DATE'2020-03-01',33);
INSERT INTO HOMEWORK VALUES('HW1005','HIST','TMP002',DATE'2020-02-01',28);
commit;

INSERT INTO EXAM VALUES('EXM001','PHY',DATE'2020-06-08','qpaper1.docx','PMT001');
INSERT INTO EXAM VALUES('EXM002','HIST',DATE'2020-06-07','qpaper2.docx','TMP002');
INSERT INTO EXAM VALUES('EXM003','CHEM',DATE'2020-06-05','qpaper3.docx','PMT005');
INSERT INTO EXAM VALUES('EXM004','BENG',DATE'2020-06-04','qpaper4.docx','TMP004');
INSERT INTO EXAM VALUES('EXM005','CHML',DATE'2020-06-03','qpaper5.docx','PMT005');
commit;

INSERT INTO CLASS VALUES('12A',3,'PMT001',33); 
INSERT INTO CLASS VALUES('12C',4,'TMP002',28); 
INSERT INTO CLASS VALUES('12F',4,'PMT003',32); 
INSERT INTO CLASS VALUES('11A',5,'TMP004',30); 
INSERT INTO CLASS VALUES('11F',3,'PMT005',28); 
commit;

INSERT INTO SUBJECTS VALUES('PHY1001','Introduction to Physics','PMT003',70);
INSERT INTO SUBJECTS VALUES('CHY1001','Introduction to Chemistry','PMT001',35);
INSERT INTO SUBJECTS VALUES('BENG1001','Bengali for Beginners','TMP004',80);
INSERT INTO SUBJECTS VALUES('HIST1001','History In Brief','TMP002',75);
INSERT INTO SUBJECTS VALUES('CHY1701','Chemistry In-Lab','PMT005',70);
INSERT INTO SUBJECTS VALUES('PHY1018','Instrumental Physics','PMT003',65);
commit;

INSERT INTO MARKS VALUES('SL001',98,100,'PHYSICS','Sahasra','PMT003',14);
INSERT INTO MARKS VALUES('SL0001',97,100,'PHYSICS','Sree','PMT003',26);
INSERT INTO MARKS VALUES('SL003',94,100,'PHYSICS','Uday','PMT003',12);
INSERT INTO MARKS VALUES('SL004',92,100,'CHEMISTRY','Sahasra','PMT001',14);
INSERT INTO MARKS VALUES('SL005',90,100,'CHEMISTRY','Sree','PMT001',26);
INSERT INTO MARKS VALUES('SL018',0,100,'MATHS','Akhil','TMP002',21);
INSERT INTO MARKS VALUES('SL024',0,100,'HISTORY','Abhijeet','TMP004',5);
commit;










